Name,Title,Email,Phone,Headshot file,Signature file,Status
"Aaron King","Partner, Technical & Analytics Lead","aaron@propellant.media","1 (877) 776-7358","headshots/aaron-king_partner-technical-and-analytics-lead.png","signatures/aaron-king_partner-technical-and-analytics-lead.html","Ready"
"Alex Butz","Vice President of Sales","alex@propellant.media","1 (877) 776-7358","headshots/alex-butz_vice-president-of-sales.png","signatures/alex-butz_vice-president-of-sales.html","Ready"
"Alyssa Dixon","Director of Media Planning","alyssa@propellant.media","1 (877) 776-7358","headshots/alyssa-dixon_director-of-media-planning.png","signatures/alyssa-dixon_director-of-media-planning.html","Ready"
"Angela Martinez","Paid Media Analyst","angela@propellant.media","1 (877) 776-7358","headshots/angela-martinez_paid-media-analyst.png","signatures/angela-martinez_paid-media-analyst.html","Ready"
"Brent LeVasseur","COO / Managing Partner","brent@propellant.media","1 (877) 776-7358","headshots/brent-levasseur_coo-managing-partner.png","signatures/brent-levasseur_coo-managing-partner.html","Ready"
"Cara Nardone","Senior Display Marketing Analyst","cara@propellant.media","1 (877) 776-7358","headshots/cara-nardone_senior-display-marketing-analyst.png","signatures/cara-nardone_senior-display-marketing-analyst.html","Ready"
"Chase Pavelich","Senior Media Planner","chase@propellant.media","1 (877) 776-7358","headshots/chase-pavelich_senior-media-planner.png","signatures/chase-pavelich_senior-media-planner.html","Ready"
"Chetan Sylaka","Paid Media Analyst","chetan@propellant.media","1 (877) 776-7358","headshots/chetan-sylaka_paid-media-analyst.png","signatures/chetan-sylaka_paid-media-analyst.html","Ready"
"Cristine Burkhart","Vice President of Client Services","cristine@propellant.media","1 (877) 776-7358","headshots/cristine-burkhart_vice-president-of-client-services.png","signatures/cristine-burkhart_vice-president-of-client-services.html","Ready"
"David Mateo Guataquira","Senior Creative Analyst","david@propellant.media","1 (877) 776-7358","headshots/david-mateo-guataquira_senior-creative-analyst.png","signatures/david-mateo-guataquira_senior-creative-analyst.html","Ready"
"Diana Lavender Woodruff","Director of Creative","diana@propellant.media","1 (877) 776-7358 ext. 716","headshots/diana-lavender-woodruff_director-of-creative.png","signatures/diana-lavender-woodruff_director-of-creative.html","Ready"
"Dylan Meetze","Display Marketing Analyst","dylan@propellant.media","1 (877) 776-7358","headshots/dylan-meetze_display-marketing-analyst.png","signatures/dylan-meetze_display-marketing-analyst.html","Ready"
"Erin Brantley","RFP and Sales Enablement Specialist","erin@propellant.media","1 (877) 776-7358","headshots/erin-brantley_rfp-and-sales-enablement-specialist.png","signatures/erin-brantley_rfp-and-sales-enablement-specialist.html","Ready"
"Hunter Antwine","Display Account Manager","hunter@propellant.media","1 (877) 776-7358","headshots/hunter-antwine_display-account-manager.png","signatures/hunter-antwine_display-account-manager.html","Ready"
"Jeff Christiansen","Vice President","jeff@propellant.media","1 (877) 776-7358","headshots/jeff-christiansen_vice-president.png","signatures/jeff-christiansen_vice-president.html","Ready"
"Jordan Fuller","Digital Media Strategist","jordan@propellant.media","1 (877) 776-7358","headshots/jordan-fuller_digital-media-strategist.png","signatures/jordan-fuller_digital-media-strategist.html","Ready"
"Juan Gomez","Head of Paid Search & Social","juan@propellant.media","1 (877) 776-7358","headshots/juan-gomez_head-of-paid-search-and-social.png","signatures/juan-gomez_head-of-paid-search-and-social.html","Ready"
"Justin Croxton","CEO","justin@propellant.media","1 (877) 776-7358","headshots/justin-croxton_ceo.png","signatures/justin-croxton_ceo.html","Ready"
"Katherine Parks","Senior Media Planner","katherine@propellant.media","1 (877) 776-7358","headshots/katherine-parks_senior-media-planner.png","signatures/katherine-parks_senior-media-planner.html","Ready"
"Matt Brown","Digital Marketing Strategist","matt@propellant.media","1 (877) 776-7358","headshots/matt-brown_digital-marketing-strategist.png","signatures/matt-brown_digital-marketing-strategist.html","Ready"
"Melanie Croxton","Chief Human Resource Officer","mel@propellant.media","1 (877) 776-7358","headshots/melanie-croxton_chief-human-resource-officer.png","signatures/melanie-croxton_chief-human-resource-officer.html","Ready"
"Nanii Richardson","Account Executive","galien@propellant.media","(205) 531-9597","headshots/nanii-richardson_account-executive.png","signatures/nanii-richardson_account-executive.html","Ready"
"Raquel Thomas","Finance Manager","raquel@propellant.media","1 (877) 776-7358","headshots/raquel-thomas_finance-manager.png","signatures/raquel-thomas_finance-manager.html","Ready"
"Rubio González","Senior Paid Media Analyst","rubio@propellant.media","1 (877) 776-7358","headshots/rubio-gonzalez_senior-paid-media-analyst.png","signatures/rubio-gonzalez_senior-paid-media-analyst.html","Ready"
"Susan Davis","Programmatic Marketing Analyst","susan@propellant.media","1 (877) 776-7358","headshots/susan-davis_programmatic-marketing-analyst.png","signatures/susan-davis_programmatic-marketing-analyst.html","Ready"
"Trevor Popp","Digital Marketing Strategist","trevor@propellant.media","1 (877) 776-7358","headshots/trevor-popp_digital-marketing-strategist.png","signatures/trevor-popp_digital-marketing-strategist.html","Ready"
